transaction_id,account_id,transaction_amount,transaction_date,transaction_type,location,customer_age,fraud_flag
1,4174,2762.42,2023-01-01,Credit,Germany,60,0
2,4507,832.52,2023-01-02,Transfer,India,69,0
3,1860,2062.16,2023-01-03,Transfer,UK,52,0
4,2294,3890.24,2023-01-04,Transfer,UK,57,0
5,2130,2407.05,2023-01-05,Transfer,UK,31,1
6,2095,4926.58,2023-01-06,Credit,Germany,75,0
7,4772,1889.93,2023-01-07,Transfer,USA,50,0
8,4092,3750.4,2023-01-08,Credit,USA,31,0
9,2638,1971.02,2023-01-09,Transfer,Canada,51,0
10,3169,4147.53,2023-01-10,Transfer,USA,78,0
11,1466,2849.72,2023-01-11,Transfer,UK,72,0
12,2238,326.92,2023-01-12,Credit,UK,21,0
13,1330,193.74,2023-01-13,Credit,UK,41,0
14,2482,677.92,2023-01-14,Debit,Canada,76,0
15,3135,78.22,2023-01-15,Transfer,UK,46,0
16,4444,386.04,2023-01-16,Debit,USA,36,0
17,4171,3461.65,2023-01-17,Debit,Germany,23,0
18,3919,2676.39,2023-01-18,Credit,Germany,74,0
19,4735,3752.05,2023-01-19,Credit,India,50,0
20,1130,4566.7,2023-01-20,Debit,USA,66,0
21,2685,2929.9,2023-01-21,Transfer,UK,57,0
22,4380,3633.34,2023-01-22,Credit,Germany,36,0
23,1769,3787.84,2023-01-23,Transfer,USA,70,0
24,3391,1895.47,2023-01-24,Transfer,Germany,18,0
25,2515,1213.01,2023-01-25,Debit,UK,22,0
26,4485,1033.18,2023-01-26,Debit,Germany,44,0
27,3853,1264.7,2023-01-27,Debit,India,33,0
28,3433,1380.91,2023-01-28,Debit,India,23,0
29,2215,1044.07,2023-01-29,Credit,Germany,57,0
30,1955,4392.32,2023-01-30,Credit,USA,30,0
31,3324,3787.43,2023-01-31,Debit,USA,65,0
32,2184,244.01,2023-02-01,Credit,USA,79,0
33,1459,1350.68,2023-02-02,Debit,Germany,52,0
34,4385,120.7,2023-02-03,Transfer,USA,36,0
35,1021,2495.84,2023-02-04,Transfer,UK,29,1
36,3300,2386.29,2023-02-05,Transfer,India,33,0
37,1747,4158.54,2023-02-06,Debit,UK,76,0
38,3904,1545.81,2023-02-07,Transfer,USA,60,0
39,4632,4083.76,2023-02-08,Credit,UK,27,0
40,1474,4840.19,2023-02-09,Transfer,USA,42,0
41,2082,451.16,2023-02-10,Transfer,Germany,37,0
42,3558,3961.17,2023-02-11,Transfer,UK,48,0
43,4753,2953.88,2023-02-12,Credit,Germany,21,0
44,3047,2405.43,2023-02-13,Debit,Germany,61,0
45,4547,2108.47,2023-02-14,Credit,Canada,40,0
46,3747,3925.49,2023-02-15,Debit,USA,19,0
47,1975,3200.41,2023-02-16,Debit,India,73,0
48,2806,4027.17,2023-02-17,Transfer,USA,39,1
49,1189,4516.72,2023-02-18,Debit,India,68,0
50,4005,3090.15,2023-02-19,Credit,USA,74,0
51,3734,4902.51,2023-02-20,Credit,Germany,54,0
52,4005,3044.36,2023-02-21,Debit,UK,25,0
53,1562,3186.86,2023-02-22,Transfer,UK,24,1
54,2899,2778.53,2023-02-23,Transfer,Canada,31,0
55,4638,464.1,2023-02-24,Credit,India,73,0
56,2267,3634.72,2023-02-25,Transfer,India,72,0
57,3879,2741.76,2023-02-26,Debit,India,20,0
58,2528,2260.04,2023-02-27,Debit,Germany,67,0
59,4202,4553.25,2023-02-28,Credit,India,33,0
60,4556,1496.82,2023-03-01,Debit,UK,72,0
61,4890,2622.78,2023-03-02,Credit,Germany,36,0
62,1646,3491.23,2023-03-03,Debit,USA,68,0
63,3068,3984.39,2023-03-04,Credit,India,35,0
64,3888,2302.14,2023-03-05,Transfer,India,69,0
65,3214,4212.04,2023-03-06,Debit,USA,33,0
66,2297,3846.9,2023-03-07,Debit,India,25,0
67,3435,340.52,2023-03-08,Credit,USA,77,0
68,1600,238.85,2023-03-09,Credit,Germany,50,1
69,3363,3107.82,2023-03-10,Debit,UK,66,0
70,3061,1743.59,2023-03-11,Credit,USA,29,0
71,1241,1053.56,2023-03-12,Debit,Canada,79,0
72,3041,2902.45,2023-03-13,Transfer,USA,70,0
73,3824,1714.4,2023-03-14,Credit,India,28,0
74,4417,2690.94,2023-03-15,Debit,Germany,22,0
75,3612,2305.99,2023-03-16,Transfer,Germany,44,0
76,3945,2927.98,2023-03-17,Transfer,USA,29,1
77,2363,2007.5,2023-03-18,Debit,UK,34,0
78,3139,3491.36,2023-03-19,Credit,Canada,23,0
79,2390,908.54,2023-03-20,Debit,Germany,50,0
80,4003,3485.54,2023-03-21,Transfer,India,22,0
81,2478,2064.19,2023-03-22,Debit,India,74,0
82,4499,4372.84,2023-03-23,Credit,UK,45,0
83,3556,2581.03,2023-03-24,Transfer,Germany,31,0
84,1775,4865.82,2023-03-25,Debit,USA,22,0
85,1034,3013.66,2023-03-26,Credit,India,71,0
86,3253,1127.01,2023-03-27,Transfer,UK,73,0
87,4152,4110.74,2023-03-28,Credit,Germany,76,0
88,2955,1731.96,2023-03-29,Transfer,Germany,50,0
89,2585,1744.62,2023-03-30,Debit,Germany,79,0
90,4943,168.71,2023-03-31,Credit,Germany,67,0
91,4459,2748.09,2023-04-01,Transfer,Germany,65,0
92,4073,2676.77,2023-04-02,Credit,India,58,0
93,2021,1786.4,2023-04-03,Credit,UK,36,0
94,4461,4472.14,2023-04-04,Debit,Germany,39,0
95,3613,652.45,2023-04-05,Credit,Canada,22,0
96,2129,1657.2,2023-04-06,Transfer,Canada,76,0
97,4843,1614.7,2023-04-07,Transfer,UK,19,0
98,4893,470.53,2023-04-08,Transfer,USA,47,0
99,2500,2410.92,2023-04-09,Transfer,USA,64,0
100,1702,3442.05,2023-04-10,Debit,USA,56,0
101,3449,2563.17,2023-04-11,Credit,Canada,21,0
102,3777,793.32,2023-04-12,Debit,USA,50,0
103,2579,1892.66,2023-04-13,Credit,India,30,0
104,1161,22.95,2023-04-14,Credit,Germany,37,0
105,1201,4342.82,2023-04-15,Credit,Canada,71,1
106,2981,431.74,2023-04-16,Debit,UK,24,0
107,1995,2990.42,2023-04-17,Credit,UK,32,0
108,3317,4931.42,2023-04-18,Debit,Germany,40,0
109,4934,2687.59,2023-04-19,Transfer,Canada,31,0
110,1815,4620.97,2023-04-20,Transfer,USA,40,0
111,4342,1188.22,2023-04-21,Credit,USA,36,0
112,1455,3802.18,2023-04-22,Debit,India,71,0
113,4533,2661.02,2023-04-23,Transfer,India,46,0
114,4798,3605.38,2023-04-24,Debit,USA,73,0
115,2275,321.08,2023-04-25,Debit,UK,37,0
116,2016,747.22,2023-04-26,Credit,UK,46,0
117,4773,674.25,2023-04-27,Transfer,India,41,0
118,3343,3438.96,2023-04-28,Credit,Germany,35,0
119,4796,4223.76,2023-04-29,Credit,USA,27,0
120,3767,3750.58,2023-04-30,Transfer,India,58,0
121,4820,162.06,2023-05-01,Transfer,India,74,0
122,1337,4337.4,2023-05-02,Debit,USA,25,0
123,1878,1777.19,2023-05-03,Transfer,USA,43,0
124,2076,1991.85,2023-05-04,Debit,UK,79,0
125,1791,533.3,2023-05-05,Debit,Germany,46,0
126,4993,3689.65,2023-05-06,Debit,Germany,27,0
127,3264,919.6,2023-05-07,Transfer,USA,34,0
128,1763,2824.19,2023-05-08,Credit,Canada,19,1
129,3235,4205.14,2023-05-09,Debit,India,23,0
130,1379,455.13,2023-05-10,Credit,India,75,0
131,1492,2681.32,2023-05-11,Credit,USA,22,0
132,4112,1173.75,2023-05-12,Transfer,Canada,45,0
133,2180,1721.21,2023-05-13,Credit,UK,79,0
134,3062,2375.11,2023-05-14,Credit,USA,58,0
135,4884,1781.97,2023-05-15,Transfer,USA,22,0
136,1064,3247.63,2023-05-16,Debit,India,35,0
137,4928,2403.11,2023-05-17,Credit,USA,43,0
138,4910,2925.16,2023-05-18,Transfer,USA,37,0
139,3568,3686.74,2023-05-19,Credit,USA,58,0
140,2367,2793.13,2023-05-20,Credit,India,66,0
141,2152,2936.81,2023-05-21,Debit,UK,44,0
142,3027,2826.65,2023-05-22,Credit,UK,66,0
143,3695,1900.08,2023-05-23,Transfer,USA,29,0
144,2495,1693.86,2023-05-24,Credit,India,24,0
145,4134,4499.24,2023-05-25,Debit,UK,76,0
146,2162,3041.7,2023-05-26,Debit,UK,20,0
147,2522,1229.32,2023-05-27,Transfer,UK,27,0
148,3640,2496.26,2023-05-28,Debit,India,51,0
149,1391,1658.44,2023-05-29,Credit,India,42,0
150,2698,4669.12,2023-05-30,Debit,USA,52,0
151,1418,47.6,2023-05-31,Transfer,Germany,33,0
152,3336,1134.41,2023-06-01,Debit,UK,19,0
153,1378,1833.13,2023-06-02,Debit,Germany,77,0
154,2796,2444.17,2023-06-03,Debit,India,41,0
155,4561,4255.58,2023-06-04,Transfer,India,27,0
156,3278,448.56,2023-06-05,Debit,India,55,0
157,4065,4031.27,2023-06-06,Debit,Germany,39,0
158,3088,287.71,2023-06-07,Credit,India,43,0
159,4099,4213.15,2023-06-08,Transfer,USA,60,0
160,3182,267.66,2023-06-09,Debit,India,72,0
161,1200,101.03,2023-06-10,Transfer,Canada,56,0
162,2863,3487.84,2023-06-11,Debit,Germany,44,0
163,1779,4986.31,2023-06-12,Debit,Canada,46,0
164,3977,4484.09,2023-06-13,Debit,India,64,0
165,4104,2884.23,2023-06-14,Credit,USA,55,0
166,4119,4587.8,2023-06-15,Credit,UK,37,0
167,1502,36.45,2023-06-16,Credit,India,44,0
168,3454,4875.59,2023-06-17,Transfer,USA,58,0
169,4645,2458.84,2023-06-18,Transfer,Germany,71,0
170,2751,3617.25,2023-06-19,Credit,Canada,37,0
171,1804,4106.1,2023-06-20,Transfer,Canada,61,0
172,3146,3595.1,2023-06-21,Debit,Canada,36,0
173,3731,2679.83,2023-06-22,Debit,Germany,37,0
174,2895,2388.33,2023-06-23,Debit,USA,52,0
175,3773,4194.53,2023-06-24,Credit,Germany,64,1
176,2570,1033.34,2023-06-25,Transfer,Canada,19,0
177,1960,4840.29,2023-06-26,Credit,India,47,0
178,4810,3557.65,2023-06-27,Transfer,UK,70,0
179,3660,1005.54,2023-06-28,Debit,Germany,51,0
180,2485,3683.87,2023-06-29,Credit,Germany,39,0
181,3690,2653.9,2023-06-30,Transfer,USA,20,0
182,4840,3539.08,2023-07-01,Transfer,USA,23,0
183,2028,3841.22,2023-07-02,Debit,Germany,32,0
184,4289,445.58,2023-07-03,Credit,Canada,44,0
185,1502,2535.46,2023-07-04,Credit,UK,27,0
186,3814,4660.75,2023-07-05,Credit,USA,26,0
187,1397,1610.0,2023-07-06,Debit,Canada,50,0
188,1870,2973.48,2023-07-07,Credit,India,49,0
189,3842,1852.46,2023-07-08,Debit,USA,65,0
190,1392,2276.8,2023-07-09,Debit,Canada,23,0
191,1206,2747.53,2023-07-10,Debit,Canada,58,0
192,2038,2749.12,2023-07-11,Transfer,UK,76,0
193,2881,1016.64,2023-07-12,Credit,UK,53,0
194,4625,3426.01,2023-07-13,Credit,India,76,0
195,3939,448.46,2023-07-14,Debit,Canada,77,0
196,2484,702.74,2023-07-15,Debit,Canada,19,0
197,4762,23.53,2023-07-16,Credit,UK,46,0
198,4646,592.31,2023-07-17,Debit,USA,21,0
199,1863,2371.1,2023-07-18,Credit,USA,18,0
200,3790,3034.45,2023-07-19,Transfer,Germany,36,0
201,4312,3973.5,2023-07-20,Debit,UK,43,0
202,1563,542.43,2023-07-21,Credit,Germany,42,0
203,2020,4255.13,2023-07-22,Debit,UK,27,0
204,1095,3732.41,2023-07-23,Credit,India,70,0
205,2923,2048.51,2023-07-24,Credit,Canada,32,0
206,2757,4665.36,2023-07-25,Debit,India,76,0
207,3532,4954.74,2023-07-26,Transfer,UK,39,0
208,4478,1032.96,2023-07-27,Credit,Canada,68,0
209,3278,1902.35,2023-07-28,Credit,USA,65,0
210,3796,4632.98,2023-07-29,Credit,USA,38,0
211,2678,3610.77,2023-07-30,Transfer,Germany,76,0
212,4242,249.99,2023-07-31,Transfer,UK,73,0
213,1540,3909.76,2023-08-01,Debit,UK,39,0
214,2059,4141.43,2023-08-02,Transfer,USA,53,0
215,3572,3755.0,2023-08-03,Debit,India,51,0
216,2183,3999.69,2023-08-04,Debit,Canada,47,0
217,4910,4127.41,2023-08-05,Transfer,India,42,0
218,2722,940.16,2023-08-06,Debit,India,62,0
219,4314,1186.1,2023-08-07,Transfer,USA,45,0
220,4157,3172.46,2023-08-08,Debit,USA,18,0
221,2819,4540.25,2023-08-09,Transfer,USA,66,0
222,3625,1587.82,2023-08-10,Transfer,Germany,62,0
223,3729,2945.65,2023-08-11,Debit,India,21,0
224,3604,3418.08,2023-08-12,Credit,UK,24,0
225,2597,2265.22,2023-08-13,Debit,Canada,66,0
226,4060,3571.77,2023-08-14,Transfer,Germany,26,0
227,3693,4499.34,2023-08-15,Credit,UK,53,0
228,1795,3124.27,2023-08-16,Debit,India,36,0
229,2051,2703.51,2023-08-17,Debit,USA,18,1
230,2643,2199.34,2023-08-18,Debit,India,27,0
231,4627,2891.66,2023-08-19,Credit,Canada,53,1
232,2363,1783.26,2023-08-20,Transfer,Germany,26,0
233,4869,1963.5,2023-08-21,Debit,Germany,62,0
234,2981,2663.97,2023-08-22,Debit,Canada,63,0
235,2354,342.43,2023-08-23,Debit,UK,59,0
236,2663,1152.84,2023-08-24,Debit,UK,49,0
237,2529,2718.82,2023-08-25,Debit,Germany,49,0
238,3038,2163.33,2023-08-26,Transfer,Germany,23,0
239,4419,1670.75,2023-08-27,Transfer,USA,65,0
240,2496,3655.44,2023-08-28,Debit,UK,55,0
241,4302,3471.65,2023-08-29,Credit,Canada,34,0
242,3237,841.99,2023-08-30,Transfer,UK,27,0
243,4296,4394.36,2023-08-31,Credit,USA,67,0
244,2408,2482.16,2023-09-01,Transfer,Germany,44,0
245,2400,3709.89,2023-09-02,Debit,Germany,71,0
246,2306,2870.02,2023-09-03,Transfer,USA,67,0
247,3680,4988.49,2023-09-04,Debit,Canada,52,0
248,3675,3764.49,2023-09-05,Transfer,Germany,69,0
249,1972,3537.83,2023-09-06,Debit,India,76,0
250,2768,3895.07,2023-09-07,Debit,Germany,38,0
251,2282,724.21,2023-09-08,Debit,India,42,0
252,4430,1030.68,2023-09-09,Debit,USA,45,0
253,1709,3573.18,2023-09-10,Credit,USA,64,0
254,2479,2474.97,2023-09-11,Debit,Germany,32,0
255,2434,3775.63,2023-09-12,Credit,UK,21,0
256,1648,523.55,2023-09-13,Credit,India,46,0
257,1317,2687.04,2023-09-14,Debit,Canada,76,0
258,4748,1900.32,2023-09-15,Credit,Germany,26,0
259,4296,2290.43,2023-09-16,Transfer,Canada,44,0
260,4890,3023.75,2023-09-17,Debit,Germany,43,0
261,2257,2516.42,2023-09-18,Credit,UK,36,0
262,1683,2703.9,2023-09-19,Debit,UK,73,0
263,1663,2436.92,2023-09-20,Debit,UK,45,0
264,2998,2050.69,2023-09-21,Debit,UK,34,0
265,4898,3861.69,2023-09-22,Credit,USA,60,0
266,4445,70.89,2023-09-23,Transfer,USA,74,0
267,4743,2996.23,2023-09-24,Transfer,India,58,0
268,2631,2831.89,2023-09-25,Credit,Canada,59,0
269,2495,3583.73,2023-09-26,Debit,Germany,67,0
270,4304,2999.16,2023-09-27,Credit,Germany,37,0
271,4763,4135.73,2023-09-28,Credit,USA,62,0
272,2136,4795.78,2023-09-29,Credit,Germany,57,0
273,2853,1719.2,2023-09-30,Debit,USA,56,0
274,2520,1144.48,2023-10-01,Credit,India,66,0
275,3489,2123.75,2023-10-02,Debit,Canada,70,0
276,1563,1446.77,2023-10-03,Credit,India,40,0
277,2291,3078.6,2023-10-04,Transfer,UK,64,0
278,4581,4560.14,2023-10-05,Credit,UK,49,0
279,4878,704.19,2023-10-06,Credit,UK,69,0
280,4457,512.97,2023-10-07,Transfer,India,64,0
281,4458,1287.52,2023-10-08,Debit,Germany,50,0
282,4184,3633.22,2023-10-09,Debit,Canada,74,0
283,2636,2968.88,2023-10-10,Credit,UK,63,0
284,4696,520.04,2023-10-11,Transfer,UK,22,0
285,3999,4594.57,2023-10-12,Debit,UK,60,0
286,4152,3952.52,2023-10-13,Credit,Canada,65,0
287,1698,124.88,2023-10-14,Transfer,UK,51,0
288,3160,3260.32,2023-10-15,Debit,Canada,57,0
289,1001,3858.52,2023-10-16,Debit,UK,28,0
290,1641,1878.43,2023-10-17,Transfer,India,78,0
291,3267,353.92,2023-10-18,Transfer,India,67,0
292,2589,395.83,2023-10-19,Transfer,Canada,20,0
293,1854,530.19,2023-10-20,Transfer,India,79,0
294,2759,4203.79,2023-10-21,Credit,Canada,75,0
295,4296,4554.32,2023-10-22,Transfer,India,50,0
296,3432,622.83,2023-10-23,Debit,India,28,0
297,4474,1187.17,2023-10-24,Debit,Canada,33,0
298,2661,835.95,2023-10-25,Credit,Germany,35,0
299,2153,939.74,2023-10-26,Debit,India,47,0
300,2076,4189.08,2023-10-27,Debit,UK,65,0
301,2707,1667.41,2023-10-28,Transfer,Germany,72,0
302,3777,1564.11,2023-10-29,Debit,Canada,27,0
303,2695,1144.7,2023-10-30,Credit,Germany,35,0
304,2733,3043.39,2023-10-31,Transfer,USA,55,0
305,2439,1902.74,2023-11-01,Transfer,USA,36,0
306,3294,3723.81,2023-11-02,Credit,India,53,0
307,1835,1035.84,2023-11-03,Transfer,India,76,0
308,4510,3941.07,2023-11-04,Transfer,UK,30,0
309,1202,3022.57,2023-11-05,Credit,Germany,73,0
310,4255,580.19,2023-11-06,Transfer,USA,63,0
311,1122,2078.38,2023-11-07,Credit,India,20,0
312,1400,4318.96,2023-11-08,Credit,Germany,27,0
313,1766,4615.57,2023-11-09,Debit,India,55,0
314,1293,2333.84,2023-11-10,Debit,India,18,0
315,3327,2409.38,2023-11-11,Transfer,USA,72,0
316,4908,4593.09,2023-11-12,Transfer,USA,73,0
317,3931,2939.47,2023-11-13,Credit,India,44,0
318,4681,173.9,2023-11-14,Transfer,Canada,63,0
319,1197,4564.62,2023-11-15,Credit,India,25,0
320,4029,1248.65,2023-11-16,Credit,India,68,0
321,2930,2892.38,2023-11-17,Transfer,UK,63,1
322,4582,835.91,2023-11-18,Credit,UK,59,0
323,3799,179.06,2023-11-19,Debit,UK,34,0
324,3191,1564.25,2023-11-20,Transfer,Canada,26,0
325,1608,3904.67,2023-11-21,Debit,Canada,78,0
326,4272,1395.16,2023-11-22,Transfer,India,23,0
327,2147,1108.29,2023-11-23,Credit,UK,60,0
328,1186,1071.28,2023-11-24,Transfer,Canada,42,0
329,4397,2580.72,2023-11-25,Debit,USA,56,0
330,3511,4877.95,2023-11-26,Credit,India,66,0
331,4420,2300.36,2023-11-27,Transfer,Germany,77,0
332,2794,2790.95,2023-11-28,Transfer,India,45,0
333,1659,4304.55,2023-11-29,Transfer,Germany,50,0
334,3811,2680.0,2023-11-30,Debit,UK,71,0
335,4002,930.47,2023-12-01,Debit,Germany,54,0
336,2955,1504.98,2023-12-02,Transfer,UK,26,0
337,3450,1556.59,2023-12-03,Credit,USA,35,0
338,2369,1992.62,2023-12-04,Credit,Germany,73,0
339,2986,2139.68,2023-12-05,Debit,India,76,0
340,2534,4000.91,2023-12-06,Credit,UK,38,0
341,1146,1753.44,2023-12-07,Debit,India,19,0
342,4219,2346.48,2023-12-08,Transfer,Canada,78,0
343,3911,3128.63,2023-12-09,Debit,UK,75,0
344,2734,1894.85,2023-12-10,Debit,Germany,60,0
345,2843,4184.46,2023-12-11,Transfer,UK,76,0
346,1488,2941.39,2023-12-12,Credit,India,77,0
347,3976,1477.28,2023-12-13,Debit,USA,55,0
348,2959,3573.16,2023-12-14,Debit,UK,75,0
349,2663,2642.96,2023-12-15,Transfer,Germany,57,0
350,3598,2676.93,2023-12-16,Credit,Canada,53,0
351,3385,2410.63,2023-12-17,Debit,USA,67,0
352,3919,2490.09,2023-12-18,Transfer,Canada,77,0
353,1640,3829.13,2023-12-19,Debit,UK,60,0
354,2802,523.88,2023-12-20,Transfer,India,54,0
355,3520,1678.47,2023-12-21,Credit,India,32,0
356,2969,386.76,2023-12-22,Credit,Germany,45,0
357,3198,3768.7,2023-12-23,Credit,India,35,0
358,2438,1368.79,2023-12-24,Credit,USA,51,0
359,4369,4488.18,2023-12-25,Debit,India,39,0
360,2634,2637.63,2023-12-26,Debit,Germany,28,0
361,1262,4005.74,2023-12-27,Credit,UK,75,0
362,2787,4894.87,2023-12-28,Credit,UK,74,0
363,3191,4200.55,2023-12-29,Credit,India,30,0
364,3393,4336.3,2023-12-30,Debit,Canada,21,0
365,1623,2045.84,2023-12-31,Credit,UK,39,0
366,2016,2763.1,2024-01-01,Credit,India,24,0
367,4643,1276.9,2024-01-02,Credit,Germany,78,0
368,1880,988.6,2024-01-03,Transfer,India,60,0
369,3049,2532.48,2024-01-04,Credit,UK,71,0
370,3944,2979.29,2024-01-05,Transfer,Germany,41,0
371,2327,1702.96,2024-01-06,Transfer,India,21,0
372,3301,2851.52,2024-01-07,Credit,USA,45,1
373,4723,4438.43,2024-01-08,Transfer,Germany,32,0
374,1452,2788.04,2024-01-09,Credit,USA,18,0
375,4108,3606.86,2024-01-10,Debit,Canada,72,0
376,2183,4028.52,2024-01-11,Debit,Germany,20,0
377,4062,4943.76,2024-01-12,Debit,USA,31,0
378,3056,3019.96,2024-01-13,Debit,UK,55,0
379,4304,4036.18,2024-01-14,Transfer,UK,67,0
380,4170,4813.62,2024-01-15,Credit,Canada,74,0
381,2682,4722.6,2024-01-16,Credit,Germany,18,0
382,3863,714.0,2024-01-17,Credit,Germany,55,0
383,3255,2037.9,2024-01-18,Debit,Germany,55,0
384,2154,1626.71,2024-01-19,Debit,Canada,38,0
385,1403,443.76,2024-01-20,Credit,Germany,65,0
386,3199,3169.87,2024-01-21,Debit,UK,46,0
387,3101,3682.16,2024-01-22,Credit,USA,22,0
388,4191,4242.16,2024-01-23,Credit,UK,66,0
389,2696,622.66,2024-01-24,Credit,UK,27,1
390,4991,4383.46,2024-01-25,Credit,USA,45,0
391,1627,3218.2,2024-01-26,Credit,UK,38,0
392,1586,3522.69,2024-01-27,Credit,Canada,67,0
393,2648,4554.01,2024-01-28,Credit,USA,24,0
394,2443,3127.56,2024-01-29,Debit,UK,20,0
395,2445,1685.97,2024-01-30,Credit,India,62,0
396,1103,4127.29,2024-01-31,Credit,UK,64,0
397,4923,1821.67,2024-02-01,Debit,Canada,37,0
398,1253,180.8,2024-02-02,Debit,Germany,36,0
399,4298,4154.97,2024-02-03,Debit,UK,52,0
400,4183,1732.51,2024-02-04,Credit,Germany,21,0
401,3557,3871.43,2024-02-05,Transfer,India,22,0
402,2496,1820.16,2024-02-06,Transfer,UK,18,0
403,1098,4306.73,2024-02-07,Debit,USA,21,0
404,3200,1105.36,2024-02-08,Transfer,Germany,29,0
405,2884,4872.99,2024-02-09,Debit,India,77,0
406,3961,3901.0,2024-02-10,Credit,USA,44,0
407,2919,580.05,2024-02-11,Transfer,USA,73,0
408,1877,2833.23,2024-02-12,Credit,USA,59,0
409,1337,4926.98,2024-02-13,Transfer,USA,40,0
410,4777,2360.62,2024-02-14,Credit,UK,42,0
411,3869,918.71,2024-02-15,Transfer,UK,38,0
412,4234,2429.04,2024-02-16,Credit,UK,78,0
413,4791,2567.16,2024-02-17,Credit,India,75,0
414,1956,3711.02,2024-02-18,Transfer,India,69,0
415,2704,3497.24,2024-02-19,Credit,India,41,0
416,1160,2018.72,2024-02-20,Credit,Canada,42,0
417,2603,1097.94,2024-02-21,Credit,India,62,0
418,3848,3228.82,2024-02-22,Transfer,UK,72,0
419,1397,2114.3,2024-02-23,Transfer,UK,63,0
420,2300,670.06,2024-02-24,Credit,Canada,49,0
421,1815,4503.86,2024-02-25,Credit,Canada,72,0
422,4987,3459.2,2024-02-26,Transfer,India,49,0
423,2527,3419.09,2024-02-27,Transfer,Germany,22,0
424,2919,4114.69,2024-02-28,Credit,Canada,53,0
425,2415,2653.01,2024-02-29,Credit,USA,63,0
426,2158,4077.12,2024-03-01,Credit,UK,59,0
427,2218,2495.47,2024-03-02,Debit,USA,66,0
428,1400,345.21,2024-03-03,Transfer,UK,59,0
429,1639,2032.19,2024-03-04,Debit,UK,75,0
430,4104,2492.35,2024-03-05,Transfer,Canada,56,0
431,3735,3603.81,2024-03-06,Transfer,Canada,33,0
432,1459,541.83,2024-03-07,Transfer,USA,50,0
433,1954,708.69,2024-03-08,Transfer,UK,66,0
434,4954,1325.78,2024-03-09,Transfer,USA,38,1
435,1469,1339.83,2024-03-10,Transfer,Germany,78,0
436,4446,3663.6,2024-03-11,Transfer,USA,26,0
437,2045,1261.15,2024-03-12,Debit,India,23,0
438,3797,3169.16,2024-03-13,Credit,USA,68,0
439,2693,2476.43,2024-03-14,Credit,India,62,0
440,3085,2870.74,2024-03-15,Debit,India,52,0
441,3277,4192.15,2024-03-16,Debit,India,56,0
442,4436,2027.86,2024-03-17,Debit,Germany,39,0
443,1562,3856.85,2024-03-18,Debit,USA,58,0
444,3485,2115.96,2024-03-19,Transfer,USA,71,0
445,2799,1775.82,2024-03-20,Credit,Germany,22,0
446,4354,4793.55,2024-03-21,Transfer,UK,59,0
447,3074,930.01,2024-03-22,Credit,Canada,40,0
448,1225,460.78,2024-03-23,Credit,USA,34,0
449,4348,3857.22,2024-03-24,Debit,Canada,29,0
450,1797,350.57,2024-03-25,Transfer,Germany,40,0
451,4680,4187.02,2024-03-26,Debit,UK,33,0
452,3331,2191.6,2024-03-27,Transfer,UK,20,0
453,3926,4578.41,2024-03-28,Credit,UK,47,0
454,1959,3610.45,2024-03-29,Debit,Germany,74,0
455,2504,3055.92,2024-03-30,Debit,India,39,0
456,1452,4747.04,2024-03-31,Credit,India,26,0
457,4067,1989.28,2024-04-01,Credit,Canada,46,0
458,4900,4770.89,2024-04-02,Credit,India,64,0
459,1815,683.66,2024-04-03,Debit,India,54,0
460,1658,2423.94,2024-04-04,Transfer,UK,40,0
461,4587,1356.86,2024-04-05,Debit,UK,30,0
462,1546,2703.82,2024-04-06,Transfer,Canada,49,0
463,2215,818.45,2024-04-07,Debit,USA,63,0
464,4120,4209.23,2024-04-08,Debit,Canada,69,0
465,4583,4233.58,2024-04-09,Credit,Canada,64,0
466,1016,4776.63,2024-04-10,Transfer,Germany,65,0
467,4243,781.81,2024-04-11,Debit,Germany,40,0
468,2243,3120.43,2024-04-12,Debit,Canada,62,0
469,3205,2376.44,2024-04-13,Credit,Canada,34,0
470,3524,1728.47,2024-04-14,Credit,Canada,72,0
471,2069,1764.19,2024-04-15,Transfer,India,57,0
472,4444,2069.84,2024-04-16,Debit,Germany,38,0
473,3565,3527.58,2024-04-17,Transfer,Canada,19,0
474,3146,2995.45,2024-04-18,Debit,UK,54,0
475,4963,2303.81,2024-04-19,Transfer,UK,23,0
476,2768,388.91,2024-04-20,Credit,India,61,0
477,2060,398.05,2024-04-21,Debit,India,35,0
478,3327,21.67,2024-04-22,Transfer,USA,47,0
479,4420,4838.82,2024-04-23,Credit,USA,39,0
480,3544,36.22,2024-04-24,Credit,USA,71,0
481,1301,524.44,2024-04-25,Transfer,India,50,0
482,1180,1579.84,2024-04-26,Debit,India,47,0
483,1606,4039.08,2024-04-27,Debit,India,34,0
484,4170,4810.87,2024-04-28,Credit,UK,79,0
485,1699,3952.17,2024-04-29,Debit,India,60,0
486,1992,3455.9,2024-04-30,Debit,UK,49,0
487,2139,2611.29,2024-05-01,Debit,USA,59,0
488,1190,442.66,2024-05-02,Credit,USA,68,0
489,3300,4791.27,2024-05-03,Transfer,USA,31,0
490,1980,3794.38,2024-05-04,Debit,Canada,75,0
491,3975,3198.36,2024-05-05,Credit,Canada,27,0
492,3006,3797.59,2024-05-06,Credit,Germany,64,0
493,2184,3623.28,2024-05-07,Transfer,Germany,77,0
494,4327,3189.79,2024-05-08,Debit,Germany,68,0
495,4394,4903.08,2024-05-09,Debit,Canada,53,0
496,1127,4517.79,2024-05-10,Transfer,Canada,51,0
497,3065,3236.86,2024-05-11,Transfer,Germany,26,0
498,2816,3468.94,2024-05-12,Credit,Germany,59,0
499,2758,267.46,2024-05-13,Credit,India,45,0
500,3613,3352.89,2024-05-14,Transfer,Germany,28,0
501,1569,230.39,2024-05-15,Debit,India,31,0
502,2346,2945.44,2024-05-16,Credit,UK,56,0
503,2895,4996.77,2024-05-17,Credit,Canada,72,0
504,3733,2783.47,2024-05-18,Debit,Germany,64,0
505,4863,2371.32,2024-05-19,Credit,Canada,71,0
506,1625,1571.15,2024-05-20,Debit,Canada,36,0
507,4359,611.41,2024-05-21,Debit,Canada,71,0
508,3901,3657.81,2024-05-22,Debit,UK,32,0
509,2686,971.07,2024-05-23,Transfer,USA,79,0
510,4009,585.26,2024-05-24,Transfer,Germany,45,0
511,4710,2114.6,2024-05-25,Transfer,USA,41,0
512,1154,3978.76,2024-05-26,Debit,USA,25,0
513,3537,3727.87,2024-05-27,Debit,USA,60,0
514,2409,283.86,2024-05-28,Transfer,Canada,78,0
515,1784,2281.17,2024-05-29,Credit,India,26,0
516,4175,2616.95,2024-05-30,Debit,Canada,64,0
517,4464,3226.29,2024-05-31,Credit,Canada,50,0
518,4882,3254.34,2024-06-01,Credit,USA,79,0
519,1245,1829.84,2024-06-02,Debit,Canada,50,0
520,4247,2807.78,2024-06-03,Debit,USA,36,0
521,4110,2410.5,2024-06-04,Credit,India,20,0
522,2500,4426.14,2024-06-05,Credit,Germany,27,0
523,2705,2656.02,2024-06-06,Transfer,USA,57,1
524,3806,2210.75,2024-06-07,Transfer,India,64,0
525,1537,2028.38,2024-06-08,Debit,Germany,59,0
526,2890,2866.41,2024-06-09,Transfer,UK,18,0
527,2841,4021.85,2024-06-10,Transfer,USA,46,0
528,1920,2696.62,2024-06-11,Transfer,USA,67,0
529,3455,3311.66,2024-06-12,Transfer,UK,51,0
530,1524,3691.9,2024-06-13,Credit,UK,68,0
531,3875,2605.64,2024-06-14,Debit,USA,30,0
532,2529,2139.82,2024-06-15,Transfer,UK,71,0
533,3950,4384.56,2024-06-16,Credit,Canada,18,0
534,4896,2093.36,2024-06-17,Credit,Germany,51,0
535,1035,2315.09,2024-06-18,Credit,Germany,46,0
536,1684,4951.8,2024-06-19,Transfer,Germany,65,0
537,1019,11.19,2024-06-20,Transfer,Canada,64,0
538,3368,935.51,2024-06-21,Debit,UK,30,0
539,4847,1925.98,2024-06-22,Transfer,India,65,0
540,3559,4663.62,2024-06-23,Transfer,UK,66,1
541,1399,359.45,2024-06-24,Credit,USA,70,0
542,3701,57.33,2024-06-25,Debit,Germany,78,0
543,1971,272.89,2024-06-26,Transfer,UK,46,0
544,2906,451.83,2024-06-27,Transfer,India,56,0
545,3518,197.61,2024-06-28,Credit,USA,41,0
546,2166,2404.11,2024-06-29,Credit,Canada,43,0
547,2115,2907.98,2024-06-30,Transfer,Canada,34,0
548,4425,1365.72,2024-07-01,Debit,India,24,0
549,1833,1997.45,2024-07-02,Debit,USA,30,0
550,2823,467.58,2024-07-03,Credit,Germany,22,1
551,3774,1688.49,2024-07-04,Credit,UK,43,0
552,2982,2617.37,2024-07-05,Transfer,USA,66,0
553,1853,3664.04,2024-07-06,Credit,Canada,20,0
554,1050,26.7,2024-07-07,Transfer,India,24,0
555,4736,2341.88,2024-07-08,Debit,India,75,0
556,4769,1492.04,2024-07-09,Debit,UK,66,0
557,1574,4265.58,2024-07-10,Transfer,India,56,0
558,4261,3580.61,2024-07-11,Credit,India,70,0
559,2148,2949.65,2024-07-12,Debit,USA,18,0
560,3197,1393.56,2024-07-13,Credit,Germany,66,0
561,3361,4552.59,2024-07-14,Debit,UK,79,0
562,3617,235.05,2024-07-15,Transfer,USA,34,0
563,4413,556.24,2024-07-16,Transfer,Germany,60,0
564,3352,1964.23,2024-07-17,Transfer,USA,42,0
565,2715,630.94,2024-07-18,Debit,USA,76,0
566,1681,4782.51,2024-07-19,Credit,India,78,0
567,1837,3991.97,2024-07-20,Credit,Germany,20,0
568,4854,1302.32,2024-07-21,Credit,UK,32,0
569,2077,2946.89,2024-07-22,Debit,UK,46,0
570,4050,4911.83,2024-07-23,Debit,Germany,70,0
571,3491,4422.15,2024-07-24,Debit,India,60,0
572,3660,3007.98,2024-07-25,Debit,Canada,49,0
573,4040,4519.58,2024-07-26,Debit,USA,43,0
574,3311,4946.03,2024-07-27,Credit,India,77,0
575,4124,3719.33,2024-07-28,Debit,Germany,33,0
576,2595,334.28,2024-07-29,Debit,USA,42,0
577,4051,2013.89,2024-07-30,Credit,UK,71,1
578,4691,4190.75,2024-07-31,Debit,Canada,45,0
579,1004,1160.54,2024-08-01,Credit,UK,26,0
580,2126,4154.91,2024-08-02,Credit,Germany,73,0
581,2219,610.49,2024-08-03,Transfer,USA,73,0
582,1773,244.26,2024-08-04,Transfer,Germany,18,0
583,1876,1926.61,2024-08-05,Transfer,USA,46,0
584,1991,193.29,2024-08-06,Transfer,India,74,0
585,3931,4786.78,2024-08-07,Debit,Canada,39,0
586,4421,4132.77,2024-08-08,Transfer,India,33,0
587,1046,4005.84,2024-08-09,Credit,India,58,0
588,3914,3152.59,2024-08-10,Debit,Germany,68,0
589,3870,1089.46,2024-08-11,Transfer,Canada,61,0
590,3983,2596.12,2024-08-12,Credit,USA,68,0
591,4891,2990.4,2024-08-13,Debit,USA,71,0
592,3703,2629.91,2024-08-14,Debit,UK,58,0
593,1268,1308.56,2024-08-15,Transfer,USA,24,0
594,1369,2581.09,2024-08-16,Debit,Germany,31,0
595,1635,2461.02,2024-08-17,Credit,India,46,0
596,2129,4981.72,2024-08-18,Debit,India,36,0
597,2693,4488.21,2024-08-19,Credit,India,36,0
598,2682,2322.27,2024-08-20,Debit,Canada,19,0
599,1656,3118.46,2024-08-21,Transfer,USA,58,1
600,1119,3741.88,2024-08-22,Credit,Germany,62,0
601,1830,183.98,2024-08-23,Debit,Canada,32,0
602,2810,4475.66,2024-08-24,Debit,UK,20,0
603,4675,4302.03,2024-08-25,Debit,Germany,28,0
604,2081,2292.59,2024-08-26,Credit,Germany,70,0
605,2974,1961.94,2024-08-27,Credit,Germany,63,0
606,2369,1372.07,2024-08-28,Credit,India,47,0
607,1740,2388.62,2024-08-29,Transfer,Germany,74,0
608,4545,231.44,2024-08-30,Transfer,USA,57,0
609,1116,4262.45,2024-08-31,Credit,Germany,35,0
610,2853,186.76,2024-09-01,Debit,India,68,0
611,3838,1651.97,2024-09-02,Transfer,Germany,65,0
612,2150,4658.63,2024-09-03,Credit,UK,19,0
613,4464,3678.71,2024-09-04,Debit,UK,49,0
614,2931,1414.14,2024-09-05,Transfer,India,25,0
615,2012,1270.72,2024-09-06,Debit,USA,39,0
616,2664,35.36,2024-09-07,Debit,USA,23,0
617,2081,3481.61,2024-09-08,Debit,Canada,29,0
618,1633,253.43,2024-09-09,Debit,India,64,0
619,1512,2667.69,2024-09-10,Transfer,Germany,74,0
620,4822,4810.99,2024-09-11,Transfer,India,57,0
621,3849,556.25,2024-09-12,Transfer,Canada,53,0
622,2119,4473.45,2024-09-13,Credit,India,32,0
623,4709,4957.46,2024-09-14,Transfer,India,45,0
624,2141,316.97,2024-09-15,Debit,Canada,69,0
625,1559,4415.7,2024-09-16,Transfer,USA,74,0
626,4672,2585.23,2024-09-17,Debit,Germany,66,0
627,1487,4533.5,2024-09-18,Credit,Canada,62,0
628,4308,2860.88,2024-09-19,Debit,UK,35,1
629,4956,3313.94,2024-09-20,Debit,USA,19,0
630,1896,2723.46,2024-09-21,Debit,UK,30,0
631,4343,4323.82,2024-09-22,Credit,USA,62,1
632,2212,3672.21,2024-09-23,Transfer,Germany,71,0
633,1703,2611.09,2024-09-24,Transfer,Germany,32,0
634,2470,4342.12,2024-09-25,Credit,India,37,0
635,1580,1233.97,2024-09-26,Debit,UK,46,0
636,3837,795.13,2024-09-27,Transfer,USA,76,0
637,3908,810.4,2024-09-28,Credit,Germany,59,0
638,3294,1676.7,2024-09-29,Transfer,Canada,46,0
639,4147,1201.06,2024-09-30,Credit,Germany,20,0
640,1153,4651.15,2024-10-01,Debit,Canada,36,0
641,2679,538.11,2024-10-02,Transfer,USA,20,0
642,4506,3497.96,2024-10-03,Credit,Germany,71,0
643,1996,954.22,2024-10-04,Transfer,Germany,31,0
644,4157,4409.37,2024-10-05,Transfer,USA,57,0
645,3744,4806.96,2024-10-06,Transfer,Germany,76,0
646,4356,2332.7,2024-10-07,Transfer,Canada,72,0
647,2243,4396.57,2024-10-08,Credit,Germany,79,0
648,2092,35.67,2024-10-09,Debit,UK,21,0
649,4118,4101.54,2024-10-10,Credit,India,76,0
650,2008,1150.84,2024-10-11,Credit,Canada,77,0
651,3141,4544.42,2024-10-12,Credit,UK,69,0
652,2773,15.59,2024-10-13,Debit,USA,28,0
653,1957,2785.35,2024-10-14,Transfer,Canada,75,0
654,4059,3785.61,2024-10-15,Transfer,India,48,0
655,1452,1300.85,2024-10-16,Transfer,India,60,0
656,2227,973.73,2024-10-17,Debit,USA,49,0
657,3959,429.65,2024-10-18,Transfer,USA,44,0
658,3265,1638.9,2024-10-19,Debit,Canada,47,0
659,3521,2803.62,2024-10-20,Transfer,Germany,60,0
660,3479,588.06,2024-10-21,Transfer,USA,19,0
661,3388,1889.71,2024-10-22,Credit,Germany,79,0
662,1550,55.27,2024-10-23,Debit,UK,66,0
663,2635,4095.21,2024-10-24,Credit,India,26,0
664,2312,650.96,2024-10-25,Credit,Germany,45,0
665,4325,1423.88,2024-10-26,Credit,India,48,0
666,2757,101.95,2024-10-27,Debit,Germany,77,0
667,1356,2166.88,2024-10-28,Debit,UK,51,0
668,3070,4202.21,2024-10-29,Transfer,USA,78,0
669,2785,1966.83,2024-10-30,Credit,UK,73,0
670,3569,905.69,2024-10-31,Transfer,USA,32,0
671,2781,3770.96,2024-11-01,Credit,USA,65,0
672,4908,3946.15,2024-11-02,Debit,India,42,0
673,4171,877.03,2024-11-03,Debit,UK,53,1
674,3849,3856.56,2024-11-04,Debit,Germany,25,0
675,4251,4737.02,2024-11-05,Credit,UK,26,0
676,4294,840.22,2024-11-06,Debit,India,75,0
677,4977,3857.21,2024-11-07,Credit,USA,75,0
678,3809,3545.77,2024-11-08,Transfer,India,54,0
679,4730,2373.13,2024-11-09,Credit,Canada,65,0
680,3489,299.02,2024-11-10,Transfer,Canada,62,1
681,2631,382.73,2024-11-11,Credit,Germany,79,0
682,3816,4263.55,2024-11-12,Transfer,India,56,0
683,2015,4950.84,2024-11-13,Debit,Germany,49,0
684,2348,3383.5,2024-11-14,Transfer,Germany,75,0
685,1515,2235.33,2024-11-15,Debit,Canada,69,0
686,4087,3241.39,2024-11-16,Debit,Germany,34,0
687,3839,2976.04,2024-11-17,Transfer,Canada,52,0
688,1335,1924.23,2024-11-18,Credit,USA,54,0
689,2782,337.47,2024-11-19,Credit,India,36,0
690,3305,4109.35,2024-11-20,Credit,Germany,61,0
691,1496,1865.45,2024-11-21,Credit,Canada,46,0
692,1895,4095.74,2024-11-22,Credit,UK,76,0
693,3207,1270.02,2024-11-23,Debit,Germany,24,0
694,4546,15.14,2024-11-24,Credit,USA,45,0
695,1851,803.1,2024-11-25,Debit,USA,26,0
696,2687,2348.01,2024-11-26,Debit,UK,45,0
697,2931,4722.08,2024-11-27,Debit,Canada,23,0
698,3737,519.95,2024-11-28,Transfer,Germany,46,0
699,4746,4272.51,2024-11-29,Transfer,Canada,75,0
700,3427,2639.85,2024-11-30,Debit,USA,34,0
701,2568,4131.34,2024-12-01,Transfer,Canada,33,1
702,1956,1498.89,2024-12-02,Credit,USA,40,0
703,3738,4201.34,2024-12-03,Credit,Canada,48,0
704,4498,3866.39,2024-12-04,Debit,UK,20,0
705,2636,1157.97,2024-12-05,Credit,India,38,0
706,2291,665.36,2024-12-06,Debit,UK,43,0
707,4906,4341.59,2024-12-07,Debit,UK,53,0
708,4648,4816.55,2024-12-08,Credit,India,59,0
709,2440,166.2,2024-12-09,Transfer,India,54,0
710,2191,3659.04,2024-12-10,Credit,Germany,70,0
711,4913,4548.53,2024-12-11,Credit,Germany,39,0
712,2066,4288.23,2024-12-12,Debit,UK,79,0
713,4627,4822.96,2024-12-13,Debit,UK,59,0
714,1284,3802.87,2024-12-14,Debit,USA,29,0
715,3444,2217.07,2024-12-15,Debit,USA,59,0
716,1011,1566.64,2024-12-16,Transfer,Germany,78,0
717,2630,1610.51,2024-12-17,Transfer,Germany,30,0
718,4373,3624.87,2024-12-18,Transfer,USA,28,0
719,4969,3731.73,2024-12-19,Debit,USA,71,1
720,4324,1009.79,2024-12-20,Debit,Canada,33,0
721,3546,4341.93,2024-12-21,Debit,Canada,25,0
722,1753,3577.47,2024-12-22,Transfer,USA,57,0
723,3082,2818.12,2024-12-23,Debit,Canada,76,0
724,3774,2362.95,2024-12-24,Credit,India,74,0
725,3896,2720.73,2024-12-25,Credit,Germany,57,0
726,1089,804.64,2024-12-26,Debit,Germany,62,0
727,1775,1026.47,2024-12-27,Credit,USA,76,0
728,3652,464.91,2024-12-28,Credit,UK,19,0
729,4993,776.75,2024-12-29,Transfer,USA,47,0
730,4017,2273.93,2024-12-30,Debit,Canada,47,0
731,2625,2656.47,2024-12-31,Debit,UK,29,1
732,4069,99.13,2025-01-01,Transfer,Canada,27,0
733,1417,3986.02,2025-01-02,Credit,India,61,0
734,1114,1477.9,2025-01-03,Credit,Canada,28,0
735,1616,4560.06,2025-01-04,Debit,India,32,0
736,4974,4837.88,2025-01-05,Credit,India,33,0
737,4267,935.44,2025-01-06,Transfer,Canada,34,1
738,1825,2315.87,2025-01-07,Transfer,Canada,43,0
739,4572,16.15,2025-01-08,Debit,India,19,0
740,2649,2995.65,2025-01-09,Transfer,UK,67,0
741,2516,3040.46,2025-01-10,Transfer,India,29,0
742,4146,1245.22,2025-01-11,Debit,Germany,68,0
743,1412,2796.48,2025-01-12,Transfer,India,43,0
744,4447,1135.45,2025-01-13,Transfer,UK,40,0
745,4491,812.52,2025-01-14,Transfer,Germany,35,1
746,1728,3261.08,2025-01-15,Credit,USA,79,0
747,4348,1636.37,2025-01-16,Debit,USA,49,0
748,4068,2955.42,2025-01-17,Debit,UK,66,1
749,3808,2171.9,2025-01-18,Debit,India,79,0
750,1675,4921.91,2025-01-19,Credit,Canada,55,0
751,4465,756.41,2025-01-20,Credit,UK,74,0
752,2892,2328.35,2025-01-21,Debit,Germany,64,0
753,3504,3405.48,2025-01-22,Credit,Germany,20,0
754,3967,1983.77,2025-01-23,Debit,USA,55,0
755,3239,4873.75,2025-01-24,Credit,Germany,20,0
756,3786,3612.22,2025-01-25,Transfer,UK,47,0
757,4760,3288.35,2025-01-26,Transfer,Germany,78,0
758,2122,3787.73,2025-01-27,Debit,UK,18,0
759,2571,4763.72,2025-01-28,Credit,Canada,47,0
760,1977,4540.02,2025-01-29,Credit,USA,62,0
761,2008,3624.18,2025-01-30,Transfer,Germany,49,0
762,3143,3748.32,2025-01-31,Transfer,UK,45,0
763,2687,738.15,2025-02-01,Credit,India,38,0
764,3710,522.93,2025-02-02,Credit,USA,75,0
765,4261,2858.81,2025-02-03,Credit,Canada,63,0
766,4807,101.65,2025-02-04,Credit,UK,30,0
767,1036,2416.96,2025-02-05,Credit,Canada,44,0
768,4851,1059.64,2025-02-06,Credit,Canada,53,0
769,4440,1736.62,2025-02-07,Debit,Germany,24,0
770,4766,3881.27,2025-02-08,Credit,Germany,39,1
771,2548,4706.78,2025-02-09,Transfer,UK,27,0
772,3326,371.36,2025-02-10,Debit,India,56,0
773,3264,2675.87,2025-02-11,Credit,UK,70,0
774,3914,4413.84,2025-02-12,Transfer,India,32,0
775,1872,421.72,2025-02-13,Debit,Canada,32,0
776,2821,4124.33,2025-02-14,Transfer,USA,21,0
777,2296,1795.43,2025-02-15,Credit,UK,49,0
778,4952,1617.25,2025-02-16,Credit,UK,40,0
779,3109,4887.56,2025-02-17,Credit,India,72,0
780,1595,1012.29,2025-02-18,Credit,Canada,23,0
781,2903,3469.04,2025-02-19,Debit,Canada,41,0
782,1728,4108.99,2025-02-20,Debit,India,37,0
783,2365,215.51,2025-02-21,Transfer,Canada,75,0
784,1396,3355.22,2025-02-22,Credit,Germany,54,0
785,1698,4758.23,2025-02-23,Transfer,USA,37,0
786,4090,629.86,2025-02-24,Debit,UK,29,0
787,3224,4482.14,2025-02-25,Credit,USA,50,0
788,2635,2977.94,2025-02-26,Credit,UK,45,0
789,1395,3086.86,2025-02-27,Debit,Germany,25,0
790,3492,3068.59,2025-02-28,Debit,Canada,18,0
791,4304,1501.19,2025-03-01,Debit,India,54,0
792,4986,4676.66,2025-03-02,Debit,Germany,39,0
793,1075,4737.28,2025-03-03,Debit,USA,23,0
794,1264,3130.27,2025-03-04,Credit,India,78,0
795,3502,3919.28,2025-03-05,Debit,Canada,38,0
796,2819,3065.17,2025-03-06,Credit,Germany,49,0
797,1717,2427.15,2025-03-07,Credit,India,52,0
798,3782,3307.49,2025-03-08,Debit,Germany,32,0
799,4455,2769.48,2025-03-09,Debit,Germany,22,0
800,4635,2991.4,2025-03-10,Credit,Canada,77,0
801,1850,3921.32,2025-03-11,Debit,UK,73,0
802,4577,2409.71,2025-03-12,Debit,India,63,0
803,2390,213.36,2025-03-13,Debit,Canada,67,0
804,1143,828.36,2025-03-14,Transfer,Germany,65,0
805,1884,2198.65,2025-03-15,Credit,Canada,23,0
806,4140,3626.88,2025-03-16,Transfer,UK,42,0
807,4170,2970.46,2025-03-17,Debit,India,73,0
808,1395,3254.97,2025-03-18,Transfer,UK,63,0
809,4096,2401.6,2025-03-19,Debit,USA,76,0
810,3995,3082.55,2025-03-20,Transfer,India,73,0
811,3938,1651.8,2025-03-21,Debit,UK,57,0
812,2492,2356.21,2025-03-22,Transfer,Germany,46,0
813,4555,3723.95,2025-03-23,Transfer,India,24,0
814,4636,4360.45,2025-03-24,Transfer,India,57,0
815,4222,2173.94,2025-03-25,Credit,Canada,30,0
816,2167,227.87,2025-03-26,Transfer,Germany,55,0
817,3616,816.75,2025-03-27,Credit,USA,35,0
818,2062,114.1,2025-03-28,Debit,UK,19,0
819,3156,3269.78,2025-03-29,Transfer,Canada,25,0
820,4764,1668.25,2025-03-30,Debit,UK,28,0
821,2065,2716.97,2025-03-31,Debit,USA,50,0
822,2209,2471.45,2025-04-01,Transfer,USA,71,1
823,3982,416.82,2025-04-02,Credit,India,78,0
824,3445,2022.27,2025-04-03,Transfer,USA,55,0
825,4294,1110.6,2025-04-04,Debit,UK,65,0
826,1633,2097.81,2025-04-05,Debit,Germany,44,0
827,2156,1025.86,2025-04-06,Transfer,Germany,37,0
828,4234,4203.86,2025-04-07,Credit,India,29,0
829,2238,879.22,2025-04-08,Credit,UK,60,1
830,1732,4804.29,2025-04-09,Debit,UK,78,0
831,1234,2085.38,2025-04-10,Debit,USA,48,0
832,4914,4232.76,2025-04-11,Credit,UK,44,0
833,3705,3147.54,2025-04-12,Transfer,Canada,49,0
834,1750,3679.4,2025-04-13,Debit,USA,78,0
835,3635,3840.94,2025-04-14,Credit,Canada,27,0
836,4080,2529.18,2025-04-15,Debit,India,20,0
837,4145,2721.07,2025-04-16,Transfer,Germany,62,0
838,1953,2574.84,2025-04-17,Credit,India,44,0
839,3539,2944.41,2025-04-18,Debit,Germany,52,0
840,3960,156.68,2025-04-19,Transfer,India,48,0
841,4324,1983.62,2025-04-20,Debit,UK,32,0
842,4301,3034.88,2025-04-21,Transfer,Canada,33,0
843,2542,2992.64,2025-04-22,Transfer,Germany,78,0
844,2197,3966.85,2025-04-23,Credit,USA,30,0
845,2676,3278.5,2025-04-24,Transfer,Canada,66,0
846,2191,4960.75,2025-04-25,Debit,USA,52,0
847,3217,1426.43,2025-04-26,Transfer,Canada,69,0
848,2416,1802.16,2025-04-27,Transfer,Canada,28,0
849,3993,1925.4,2025-04-28,Credit,India,76,0
850,3842,2334.41,2025-04-29,Transfer,Germany,38,0
851,3681,4181.63,2025-04-30,Transfer,Germany,68,0
852,2217,1186.6,2025-05-01,Debit,Canada,71,0
853,2540,3882.24,2025-05-02,Credit,UK,28,0
854,3076,2032.5,2025-05-03,Credit,UK,47,0
855,4236,3013.26,2025-05-04,Credit,USA,77,0
856,2445,3166.38,2025-05-05,Transfer,USA,65,0
857,3386,1870.51,2025-05-06,Credit,India,70,0
858,4719,2567.95,2025-05-07,Transfer,Canada,52,0
859,2519,2071.03,2025-05-08,Transfer,USA,39,0
860,2388,354.97,2025-05-09,Debit,USA,55,0
861,2856,2191.46,2025-05-10,Debit,Canada,48,0
862,2365,495.99,2025-05-11,Debit,India,31,0
863,1499,2031.05,2025-05-12,Debit,USA,41,0
864,2680,2968.66,2025-05-13,Debit,India,67,0
865,1510,2901.28,2025-05-14,Transfer,Germany,66,0
866,4398,3316.48,2025-05-15,Transfer,India,49,0
867,1216,485.35,2025-05-16,Credit,UK,53,0
868,2324,3264.09,2025-05-17,Transfer,UK,49,0
869,2155,1567.62,2025-05-18,Transfer,India,72,0
870,2827,2001.24,2025-05-19,Debit,UK,32,0
871,4141,4291.35,2025-05-20,Transfer,Germany,60,0
872,4323,55.06,2025-05-21,Debit,Canada,75,0
873,4486,2946.18,2025-05-22,Credit,UK,52,0
874,2810,2997.58,2025-05-23,Credit,UK,20,0
875,3492,1989.33,2025-05-24,Transfer,India,33,0
876,3923,1192.77,2025-05-25,Credit,Germany,22,0
877,2205,1181.02,2025-05-26,Transfer,Canada,38,0
878,3214,4419.71,2025-05-27,Credit,India,78,0
879,1090,2215.7,2025-05-28,Debit,India,27,0
880,1713,1661.14,2025-05-29,Debit,Germany,36,0
881,2881,2249.4,2025-05-30,Debit,Canada,42,0
882,4602,3350.26,2025-05-31,Debit,Germany,21,0
883,1038,737.33,2025-06-01,Transfer,Canada,78,1
884,4197,2252.67,2025-06-02,Credit,Germany,46,0
885,4522,2943.54,2025-06-03,Transfer,India,36,0
886,1172,4743.43,2025-06-04,Debit,India,60,0
887,1652,1270.11,2025-06-05,Transfer,USA,19,0
888,1753,1802.66,2025-06-06,Credit,UK,27,0
889,2243,1903.0,2025-06-07,Transfer,Germany,78,0
890,4709,3031.64,2025-06-08,Credit,USA,60,0
891,2081,1790.09,2025-06-09,Transfer,UK,42,0
892,2683,2672.22,2025-06-10,Credit,Germany,37,1
893,3523,3911.13,2025-06-11,Credit,Canada,65,0
894,1455,3529.87,2025-06-12,Debit,UK,36,0
895,1828,2237.38,2025-06-13,Credit,India,40,0
896,1894,4322.44,2025-06-14,Debit,USA,41,0
897,2384,2795.12,2025-06-15,Debit,UK,28,0
898,2958,2704.13,2025-06-16,Debit,UK,63,0
899,4072,180.6,2025-06-17,Transfer,India,51,0
900,3434,4933.6,2025-06-18,Transfer,Germany,72,0
901,2996,623.62,2025-06-19,Transfer,Canada,45,0
902,3395,1163.34,2025-06-20,Transfer,India,22,0
903,1189,267.97,2025-06-21,Credit,Canada,76,0
904,1504,3203.61,2025-06-22,Credit,Germany,22,0
905,2214,1131.26,2025-06-23,Transfer,UK,68,0
906,2531,908.25,2025-06-24,Credit,Canada,38,0
907,4440,451.89,2025-06-25,Credit,USA,29,1
908,4480,525.51,2025-06-26,Debit,USA,67,0
909,1823,2927.51,2025-06-27,Debit,India,21,0
910,1928,3444.16,2025-06-28,Debit,Germany,71,0
911,1933,1992.92,2025-06-29,Debit,India,66,0
912,2140,2404.69,2025-06-30,Credit,India,59,0
913,1133,3432.98,2025-07-01,Transfer,India,37,0
914,3105,96.73,2025-07-02,Credit,USA,55,0
915,4627,1622.42,2025-07-03,Credit,USA,42,0
916,1684,4865.76,2025-07-04,Credit,India,31,0
917,3719,2904.76,2025-07-05,Debit,USA,28,0
918,3220,1278.58,2025-07-06,Debit,Germany,49,0
919,2852,2613.43,2025-07-07,Debit,India,28,0
920,1814,1719.84,2025-07-08,Transfer,USA,78,0
921,2172,2665.9,2025-07-09,Credit,Canada,35,0
922,1079,637.45,2025-07-10,Transfer,India,44,0
923,3933,672.25,2025-07-11,Debit,India,72,0
924,4284,726.28,2025-07-12,Transfer,Germany,71,0
925,1202,4699.7,2025-07-13,Credit,UK,35,0
926,3811,3667.17,2025-07-14,Credit,UK,73,0
927,2252,820.29,2025-07-15,Debit,Germany,40,0
928,2699,949.86,2025-07-16,Debit,Germany,28,1
929,2250,3656.84,2025-07-17,Transfer,Germany,38,0
930,2682,789.26,2025-07-18,Debit,UK,61,1
931,2555,1180.46,2025-07-19,Debit,Germany,22,0
932,4512,4817.1,2025-07-20,Credit,USA,40,1
933,4473,1283.98,2025-07-21,Debit,India,58,0
934,3094,3311.55,2025-07-22,Debit,India,76,0
935,2256,4893.37,2025-07-23,Credit,Canada,42,0
936,4376,1877.74,2025-07-24,Credit,Canada,58,0
937,2549,97.4,2025-07-25,Transfer,India,71,0
938,2166,1228.29,2025-07-26,Debit,USA,27,0
939,4486,4156.08,2025-07-27,Credit,UK,39,0
940,4584,4324.4,2025-07-28,Transfer,UK,36,0
941,2396,3844.91,2025-07-29,Transfer,USA,18,0
942,4637,574.42,2025-07-30,Debit,UK,24,0
943,4957,3979.6,2025-07-31,Debit,Germany,21,0
944,4330,4594.2,2025-08-01,Transfer,India,18,0
945,3703,3007.04,2025-08-02,Credit,India,32,0
946,1470,4704.97,2025-08-03,Transfer,USA,57,0
947,4018,4135.93,2025-08-04,Debit,UK,29,0
948,2035,3338.19,2025-08-05,Credit,Canada,39,0
949,2353,2890.15,2025-08-06,Credit,Canada,39,1
950,3783,1749.38,2025-08-07,Transfer,UK,67,0
951,3831,804.84,2025-08-08,Debit,Canada,64,0
952,1967,3028.72,2025-08-09,Transfer,USA,34,0
953,1357,1597.38,2025-08-10,Transfer,USA,46,0
954,4019,4333.53,2025-08-11,Transfer,UK,63,0
955,4479,4966.75,2025-08-12,Credit,Canada,31,0
956,1667,3764.61,2025-08-13,Credit,USA,67,0
957,1372,461.5,2025-08-14,Debit,USA,37,0
958,2031,1450.54,2025-08-15,Debit,Germany,67,0
959,2145,554.46,2025-08-16,Transfer,Germany,65,0
960,2371,3256.05,2025-08-17,Transfer,USA,50,0
961,3723,3828.3,2025-08-18,Transfer,UK,72,0
962,1089,4629.12,2025-08-19,Debit,India,76,0
963,4719,2196.48,2025-08-20,Credit,India,60,0
964,3745,4507.86,2025-08-21,Credit,USA,32,1
965,4387,4390.68,2025-08-22,Transfer,USA,29,0
966,4249,1592.81,2025-08-23,Transfer,USA,57,0
967,1539,4345.81,2025-08-24,Transfer,UK,71,0
968,3779,1884.6,2025-08-25,Transfer,Germany,37,0
969,1868,1491.38,2025-08-26,Debit,USA,47,0
970,1040,3248.88,2025-08-27,Credit,USA,55,0
971,1739,1648.62,2025-08-28,Transfer,Canada,20,0
972,4775,3154.74,2025-08-29,Debit,UK,45,0
973,2946,3053.06,2025-08-30,Transfer,USA,73,0
974,3549,2821.56,2025-08-31,Transfer,Canada,43,1
975,4006,1908.29,2025-09-01,Credit,India,47,0
976,4216,2747.01,2025-09-02,Transfer,USA,30,0
977,2224,2986.46,2025-09-03,Credit,USA,30,0
978,1928,2732.98,2025-09-04,Credit,Canada,19,0
979,3036,2227.65,2025-09-05,Credit,UK,54,0
980,4795,83.19,2025-09-06,Debit,USA,66,0
981,3508,2939.44,2025-09-07,Debit,India,55,0
982,3779,850.54,2025-09-08,Credit,USA,19,0
983,3799,3216.45,2025-09-09,Transfer,India,53,0
984,1924,3799.13,2025-09-10,Credit,Germany,71,0
985,3956,2507.22,2025-09-11,Transfer,Germany,43,0
986,2581,2716.39,2025-09-12,Credit,India,28,0
987,4618,4757.88,2025-09-13,Transfer,UK,25,0
988,4324,4237.37,2025-09-14,Debit,USA,61,0
989,1389,4572.04,2025-09-15,Transfer,USA,57,0
990,2617,4070.69,2025-09-16,Credit,Germany,60,0
991,3930,553.5,2025-09-17,Debit,India,39,0
992,1255,753.47,2025-09-18,Transfer,USA,37,0
993,1708,2637.85,2025-09-19,Transfer,USA,25,0
994,2838,1237.89,2025-09-20,Transfer,UK,46,0
995,2944,2388.71,2025-09-21,Transfer,Canada,57,0
996,3497,1977.88,2025-09-22,Transfer,Germany,43,0
997,1009,2751.58,2025-09-23,Debit,Germany,47,0
998,3871,3736.91,2025-09-24,Debit,Canada,34,0
999,1797,3580.3,2025-09-25,Debit,USA,37,0
1000,4313,2610.96,2025-09-26,Debit,UK,69,0
